{
  "languageCode": "da",
  "languageName": "Danish",
  "languageNativeName": "dansk",
  "words": [
    {
      "rank": 1,
      "targetWord": "som",
      "englishWord": "as"
    },
    {
      "rank": 2,
      "targetWord": "jeg",
      "englishWord": "I"
    },
    {
      "rank": 3,
      "targetWord": "hans",
      "englishWord": "his"
    },
    {
      "rank": 4,
      "targetWord": "at",
      "englishWord": "that"
    },
    {
      "rank": 5,
      "targetWord": "han",
      "englishWord": "he"
    },
    {
      "rank": 6,
      "targetWord": "var",
      "englishWord": "was"
    },
    {
      "rank": 7,
      "targetWord": "til",
      "englishWord": "for"
    },
    {
      "rank": 8,
      "targetWord": "på",
      "englishWord": "on"
    },
    {
      "rank": 9,
      "targetWord": "er",
      "englishWord": "are"
    },
    {
      "rank": 10,
      "targetWord": "med",
      "englishWord": "with"
    },
    {
      "rank": 11,
      "targetWord": "de",
      "englishWord": "they"
    },
    {
      "rank": 12,
      "targetWord": "være",
      "englishWord": "be"
    },
    {
      "rank": 13,
      "targetWord": "på",
      "englishWord": "at"
    },
    {
      "rank": 14,
      "targetWord": "en",
      "englishWord": "one"
    },
    {
      "rank": 15,
      "targetWord": "har",
      "englishWord": "have"
    },
    {
      "rank": 16,
      "targetWord": "dette",
      "englishWord": "this"
    },
    {
      "rank": 17,
      "targetWord": "fra",
      "englishWord": "from"
    },
    {
      "rank": 18,
      "targetWord": "ved",
      "englishWord": "by"
    },
    {
      "rank": 19,
      "targetWord": "hot",
      "englishWord": "hot"
    },
    {
      "rank": 20,
      "targetWord": "ord",
      "englishWord": "word"
    },
    {
      "rank": 21,
      "targetWord": "men",
      "englishWord": "but"
    },
    {
      "rank": 22,
      "targetWord": "hvad",
      "englishWord": "what"
    },
    {
      "rank": 23,
      "targetWord": "nogle",
      "englishWord": "some"
    },
    {
      "rank": 24,
      "targetWord": "er",
      "englishWord": "is"
    },
    {
      "rank": 25,
      "targetWord": "det",
      "englishWord": "it"
    },
    {
      "rank": 26,
      "targetWord": "du",
      "englishWord": "you"
    },
    {
      "rank": 27,
      "targetWord": "eller",
      "englishWord": "or"
    },
    {
      "rank": 28,
      "targetWord": "havde",
      "englishWord": "had"
    },
    {
      "rank": 29,
      "targetWord": "den",
      "englishWord": "the"
    },
    {
      "rank": 30,
      "targetWord": "af",
      "englishWord": "of"
    },
    {
      "rank": 31,
      "targetWord": "til",
      "englishWord": "to"
    },
    {
      "rank": 32,
      "targetWord": "og",
      "englishWord": "and"
    },
    {
      "rank": 33,
      "targetWord": "en",
      "englishWord": "a"
    },
    {
      "rank": 34,
      "targetWord": "i",
      "englishWord": "in"
    },
    {
      "rank": 35,
      "targetWord": "vi",
      "englishWord": "we"
    },
    {
      "rank": 36,
      "targetWord": "kan",
      "englishWord": "can"
    },
    {
      "rank": 37,
      "targetWord": "ud",
      "englishWord": "out"
    },
    {
      "rank": 38,
      "targetWord": "andre",
      "englishWord": "other"
    },
    {
      "rank": 39,
      "targetWord": "var",
      "englishWord": "were"
    },
    {
      "rank": 40,
      "targetWord": "som",
      "englishWord": "which"
    },
    {
      "rank": 41,
      "targetWord": "gøre",
      "englishWord": "do"
    },
    {
      "rank": 42,
      "targetWord": "deres",
      "englishWord": "their"
    },
    {
      "rank": 43,
      "targetWord": "tid",
      "englishWord": "time"
    },
    {
      "rank": 44,
      "targetWord": "hvis",
      "englishWord": "if"
    },
    {
      "rank": 45,
      "targetWord": "vil",
      "englishWord": "will"
    },
    {
      "rank": 46,
      "targetWord": "hvordan",
      "englishWord": "how"
    },
    {
      "rank": 47,
      "targetWord": "sagde",
      "englishWord": "said"
    },
    {
      "rank": 48,
      "targetWord": "en",
      "englishWord": "an"
    },
    {
      "rank": 49,
      "targetWord": "hver",
      "englishWord": "each"
    },
    {
      "rank": 50,
      "targetWord": "fortælle",
      "englishWord": "tell"
    },
    {
      "rank": 51,
      "targetWord": "gør",
      "englishWord": "does"
    },
    {
      "rank": 52,
      "targetWord": "sæt",
      "englishWord": "set"
    },
    {
      "rank": 53,
      "targetWord": "tre",
      "englishWord": "three"
    },
    {
      "rank": 54,
      "targetWord": "ønsker",
      "englishWord": "want"
    },
    {
      "rank": 55,
      "targetWord": "luft",
      "englishWord": "air"
    },
    {
      "rank": 56,
      "targetWord": "godt",
      "englishWord": "well"
    },
    {
      "rank": 57,
      "targetWord": "også",
      "englishWord": "also"
    },
    {
      "rank": 58,
      "targetWord": "spille",
      "englishWord": "play"
    },
    {
      "rank": 59,
      "targetWord": "lille",
      "englishWord": "small"
    },
    {
      "rank": 60,
      "targetWord": "ende",
      "englishWord": "end"
    },
    {
      "rank": 61,
      "targetWord": "sætte",
      "englishWord": "put"
    },
    {
      "rank": 62,
      "targetWord": "hjem",
      "englishWord": "home"
    },
    {
      "rank": 63,
      "targetWord": "læse",
      "englishWord": "read"
    },
    {
      "rank": 64,
      "targetWord": "hånd",
      "englishWord": "hand"
    },
    {
      "rank": 65,
      "targetWord": "havn",
      "englishWord": "port"
    },
    {
      "rank": 66,
      "targetWord": "stor",
      "englishWord": "large"
    },
    {
      "rank": 67,
      "targetWord": "stave",
      "englishWord": "spell"
    },
    {
      "rank": 68,
      "targetWord": "tilføje",
      "englishWord": "add"
    },
    {
      "rank": 69,
      "targetWord": "selv",
      "englishWord": "even"
    },
    {
      "rank": 70,
      "targetWord": "jord",
      "englishWord": "land"
    },
    {
      "rank": 71,
      "targetWord": "her",
      "englishWord": "here"
    },
    {
      "rank": 72,
      "targetWord": "skal",
      "englishWord": "must"
    },
    {
      "rank": 73,
      "targetWord": "stor",
      "englishWord": "big"
    },
    {
      "rank": 74,
      "targetWord": "høj",
      "englishWord": "high"
    },
    {
      "rank": 75,
      "targetWord": "sådan",
      "englishWord": "such"
    },
    {
      "rank": 76,
      "targetWord": "følg",
      "englishWord": "follow"
    },
    {
      "rank": 77,
      "targetWord": "handling",
      "englishWord": "act"
    },
    {
      "rank": 78,
      "targetWord": "hvorfor",
      "englishWord": "why"
    },
    {
      "rank": 79,
      "targetWord": "spørge",
      "englishWord": "ask"
    },
    {
      "rank": 80,
      "targetWord": "mænd",
      "englishWord": "men"
    },
    {
      "rank": 81,
      "targetWord": "ændring",
      "englishWord": "change"
    },
    {
      "rank": 82,
      "targetWord": "gik",
      "englishWord": "went"
    },
    {
      "rank": 83,
      "targetWord": "lys",
      "englishWord": "light"
    },
    {
      "rank": 84,
      "targetWord": "slags",
      "englishWord": "kind"
    },
    {
      "rank": 85,
      "targetWord": "off",
      "englishWord": "off"
    },
    {
      "rank": 86,
      "targetWord": "brug",
      "englishWord": "need"
    },
    {
      "rank": 87,
      "targetWord": "hus",
      "englishWord": "house"
    },
    {
      "rank": 88,
      "targetWord": "billede",
      "englishWord": "picture"
    },
    {
      "rank": 89,
      "targetWord": "prøv",
      "englishWord": "try"
    },
    {
      "rank": 90,
      "targetWord": "os",
      "englishWord": "us"
    },
    {
      "rank": 91,
      "targetWord": "igen",
      "englishWord": "again"
    },
    {
      "rank": 92,
      "targetWord": "dyr",
      "englishWord": "animal"
    },
    {
      "rank": 93,
      "targetWord": "punkt",
      "englishWord": "point"
    },
    {
      "rank": 94,
      "targetWord": "mor",
      "englishWord": "mother"
    },
    {
      "rank": 95,
      "targetWord": "verden",
      "englishWord": "world"
    },
    {
      "rank": 96,
      "targetWord": "nær",
      "englishWord": "near"
    },
    {
      "rank": 97,
      "targetWord": "bygge",
      "englishWord": "build"
    },
    {
      "rank": 98,
      "targetWord": "selv",
      "englishWord": "self"
    },
    {
      "rank": 99,
      "targetWord": "jord",
      "englishWord": "earth"
    },
    {
      "rank": 100,
      "targetWord": "far",
      "englishWord": "father"
    },
    {
      "rank": 101,
      "targetWord": "enhver",
      "englishWord": "any"
    },
    {
      "rank": 102,
      "targetWord": "ny",
      "englishWord": "new"
    },
    {
      "rank": 103,
      "targetWord": "arbejde",
      "englishWord": "work"
    },
    {
      "rank": 104,
      "targetWord": "del",
      "englishWord": "part"
    },
    {
      "rank": 105,
      "targetWord": "tage",
      "englishWord": "take"
    },
    {
      "rank": 106,
      "targetWord": "få",
      "englishWord": "get"
    },
    {
      "rank": 107,
      "targetWord": "sted",
      "englishWord": "place"
    },
    {
      "rank": 108,
      "targetWord": "lavet",
      "englishWord": "made"
    },
    {
      "rank": 109,
      "targetWord": "leve",
      "englishWord": "live"
    },
    {
      "rank": 110,
      "targetWord": "hvor",
      "englishWord": "where"
    },
    {
      "rank": 111,
      "targetWord": "efter",
      "englishWord": "after"
    },
    {
      "rank": 112,
      "targetWord": "tilbage",
      "englishWord": "back"
    },
    {
      "rank": 113,
      "targetWord": "lidt",
      "englishWord": "little"
    },
    {
      "rank": 114,
      "targetWord": "kun",
      "englishWord": "only"
    },
    {
      "rank": 115,
      "targetWord": "runde",
      "englishWord": "round"
    },
    {
      "rank": 116,
      "targetWord": "mand",
      "englishWord": "man"
    },
    {
      "rank": 117,
      "targetWord": "år",
      "englishWord": "year"
    },
    {
      "rank": 118,
      "targetWord": "kom",
      "englishWord": "came"
    },
    {
      "rank": 119,
      "targetWord": "vis",
      "englishWord": "show"
    },
    {
      "rank": 120,
      "targetWord": "hver",
      "englishWord": "every"
    },
    {
      "rank": 121,
      "targetWord": "god",
      "englishWord": "good"
    },
    {
      "rank": 122,
      "targetWord": "mig",
      "englishWord": "me"
    },
    {
      "rank": 123,
      "targetWord": "giver",
      "englishWord": "give"
    },
    {
      "rank": 124,
      "targetWord": "vores",
      "englishWord": "our"
    },
    {
      "rank": 125,
      "targetWord": "under",
      "englishWord": "under"
    },
    {
      "rank": 126,
      "targetWord": "navn",
      "englishWord": "name"
    },
    {
      "rank": 127,
      "targetWord": "meget",
      "englishWord": "very"
    },
    {
      "rank": 128,
      "targetWord": "gennem",
      "englishWord": "through"
    },
    {
      "rank": 129,
      "targetWord": "bare",
      "englishWord": "just"
    },
    {
      "rank": 130,
      "targetWord": "formular",
      "englishWord": "form"
    },
    {
      "rank": 131,
      "targetWord": "sætning",
      "englishWord": "sentence"
    },
    {
      "rank": 132,
      "targetWord": "stor",
      "englishWord": "great"
    },
    {
      "rank": 133,
      "targetWord": "tænke",
      "englishWord": "think"
    },
    {
      "rank": 134,
      "targetWord": "sige",
      "englishWord": "say"
    },
    {
      "rank": 135,
      "targetWord": "hjælpe",
      "englishWord": "help"
    },
    {
      "rank": 136,
      "targetWord": "lav",
      "englishWord": "low"
    },
    {
      "rank": 137,
      "targetWord": "linje",
      "englishWord": "line"
    },
    {
      "rank": 138,
      "targetWord": "afvige",
      "englishWord": "differ"
    },
    {
      "rank": 139,
      "targetWord": "tur",
      "englishWord": "turn"
    },
    {
      "rank": 140,
      "targetWord": "årsag",
      "englishWord": "cause"
    },
    {
      "rank": 141,
      "targetWord": "meget",
      "englishWord": "much"
    },
    {
      "rank": 142,
      "targetWord": "betyde",
      "englishWord": "mean"
    },
    {
      "rank": 143,
      "targetWord": "før",
      "englishWord": "before"
    },
    {
      "rank": 144,
      "targetWord": "træk",
      "englishWord": "move"
    },
    {
      "rank": 145,
      "targetWord": "højre",
      "englishWord": "right"
    },
    {
      "rank": 146,
      "targetWord": "dreng",
      "englishWord": "boy"
    },
    {
      "rank": 147,
      "targetWord": "gamle",
      "englishWord": "old"
    },
    {
      "rank": 148,
      "targetWord": "også",
      "englishWord": "too"
    },
    {
      "rank": 149,
      "targetWord": "samme",
      "englishWord": "same"
    },
    {
      "rank": 150,
      "targetWord": "hun",
      "englishWord": "she"
    },
    {
      "rank": 151,
      "targetWord": "alle",
      "englishWord": "all"
    },
    {
      "rank": 152,
      "targetWord": "der",
      "englishWord": "there"
    },
    {
      "rank": 153,
      "targetWord": "når",
      "englishWord": "when"
    },
    {
      "rank": 154,
      "targetWord": "op",
      "englishWord": "up"
    },
    {
      "rank": 155,
      "targetWord": "brug",
      "englishWord": "use"
    },
    {
      "rank": 156,
      "targetWord": "Deres",
      "englishWord": "your"
    },
    {
      "rank": 157,
      "targetWord": "måde",
      "englishWord": "way"
    },
    {
      "rank": 158,
      "targetWord": "om",
      "englishWord": "about"
    },
    {
      "rank": 159,
      "targetWord": "mange",
      "englishWord": "many"
    },
    {
      "rank": 160,
      "targetWord": "derefter",
      "englishWord": "then"
    },
    {
      "rank": 161,
      "targetWord": "dem",
      "englishWord": "them"
    },
    {
      "rank": 162,
      "targetWord": "skrive",
      "englishWord": "write"
    },
    {
      "rank": 163,
      "targetWord": "ville",
      "englishWord": "would"
    },
    {
      "rank": 164,
      "targetWord": "ligesom",
      "englishWord": "like"
    },
    {
      "rank": 165,
      "targetWord": "så",
      "englishWord": "so"
    },
    {
      "rank": 166,
      "targetWord": "disse",
      "englishWord": "these"
    },
    {
      "rank": 167,
      "targetWord": "hende",
      "englishWord": "her"
    },
    {
      "rank": 168,
      "targetWord": "lang",
      "englishWord": "long"
    },
    {
      "rank": 169,
      "targetWord": "gøre",
      "englishWord": "make"
    },
    {
      "rank": 170,
      "targetWord": "ting",
      "englishWord": "thing"
    },
    {
      "rank": 171,
      "targetWord": "se",
      "englishWord": "see"
    },
    {
      "rank": 172,
      "targetWord": "ham",
      "englishWord": "him"
    },
    {
      "rank": 173,
      "targetWord": "to",
      "englishWord": "two"
    },
    {
      "rank": 174,
      "targetWord": "har",
      "englishWord": "has"
    },
    {
      "rank": 175,
      "targetWord": "se",
      "englishWord": "look"
    },
    {
      "rank": 176,
      "targetWord": "mere",
      "englishWord": "more"
    },
    {
      "rank": 177,
      "targetWord": "dag",
      "englishWord": "day"
    },
    {
      "rank": 178,
      "targetWord": "kunne",
      "englishWord": "could"
    },
    {
      "rank": 179,
      "targetWord": "gå",
      "englishWord": "go"
    },
    {
      "rank": 180,
      "targetWord": "komme",
      "englishWord": "come"
    },
    {
      "rank": 181,
      "targetWord": "gjorde",
      "englishWord": "did"
    },
    {
      "rank": 182,
      "targetWord": "nummer",
      "englishWord": "number"
    },
    {
      "rank": 183,
      "targetWord": "lyd",
      "englishWord": "sound"
    },
    {
      "rank": 184,
      "targetWord": "nej",
      "englishWord": "no"
    },
    {
      "rank": 185,
      "targetWord": "mest",
      "englishWord": "most"
    },
    {
      "rank": 186,
      "targetWord": "mennesker",
      "englishWord": "people"
    },
    {
      "rank": 187,
      "targetWord": "min",
      "englishWord": "my"
    },
    {
      "rank": 188,
      "targetWord": "løbet",
      "englishWord": "over"
    },
    {
      "rank": 189,
      "targetWord": "kende",
      "englishWord": "know"
    },
    {
      "rank": 190,
      "targetWord": "vand",
      "englishWord": "water"
    },
    {
      "rank": 191,
      "targetWord": "end",
      "englishWord": "than"
    },
    {
      "rank": 192,
      "targetWord": "opkald",
      "englishWord": "call"
    },
    {
      "rank": 193,
      "targetWord": "første",
      "englishWord": "first"
    },
    {
      "rank": 194,
      "targetWord": "der",
      "englishWord": "who"
    },
    {
      "rank": 195,
      "targetWord": "kan",
      "englishWord": "may"
    },
    {
      "rank": 196,
      "targetWord": "ned",
      "englishWord": "down"
    },
    {
      "rank": 197,
      "targetWord": "side",
      "englishWord": "side"
    },
    {
      "rank": 198,
      "targetWord": "været",
      "englishWord": "been"
    },
    {
      "rank": 199,
      "targetWord": "nu",
      "englishWord": "now"
    },
    {
      "rank": 200,
      "targetWord": "finde",
      "englishWord": "find"
    },
    {
      "rank": 201,
      "targetWord": "hoved",
      "englishWord": "head"
    },
    {
      "rank": 202,
      "targetWord": "stå",
      "englishWord": "stand"
    },
    {
      "rank": 203,
      "targetWord": "egen",
      "englishWord": "own"
    },
    {
      "rank": 204,
      "targetWord": "side",
      "englishWord": "page"
    },
    {
      "rank": 205,
      "targetWord": "bør",
      "englishWord": "should"
    },
    {
      "rank": 206,
      "targetWord": "land",
      "englishWord": "country"
    },
    {
      "rank": 207,
      "targetWord": "fundet",
      "englishWord": "found"
    },
    {
      "rank": 208,
      "targetWord": "svar",
      "englishWord": "answer"
    },
    {
      "rank": 209,
      "targetWord": "skole",
      "englishWord": "school"
    },
    {
      "rank": 210,
      "targetWord": "vokse",
      "englishWord": "grow"
    },
    {
      "rank": 211,
      "targetWord": "undersøgelse",
      "englishWord": "study"
    },
    {
      "rank": 212,
      "targetWord": "stadig",
      "englishWord": "still"
    },
    {
      "rank": 213,
      "targetWord": "lære",
      "englishWord": "learn"
    },
    {
      "rank": 214,
      "targetWord": "plante",
      "englishWord": "plant"
    },
    {
      "rank": 215,
      "targetWord": "dæksel",
      "englishWord": "cover"
    },
    {
      "rank": 216,
      "targetWord": "mad",
      "englishWord": "food"
    },
    {
      "rank": 217,
      "targetWord": "sol",
      "englishWord": "sun"
    },
    {
      "rank": 218,
      "targetWord": "fire",
      "englishWord": "four"
    },
    {
      "rank": 219,
      "targetWord": "mellem",
      "englishWord": "between"
    },
    {
      "rank": 220,
      "targetWord": "stat",
      "englishWord": "state"
    },
    {
      "rank": 221,
      "targetWord": "holde",
      "englishWord": "keep"
    },
    {
      "rank": 222,
      "targetWord": "øje",
      "englishWord": "eye"
    },
    {
      "rank": 223,
      "targetWord": "aldrig",
      "englishWord": "never"
    },
    {
      "rank": 224,
      "targetWord": "sidste",
      "englishWord": "last"
    },
    {
      "rank": 225,
      "targetWord": "lad",
      "englishWord": "let"
    },
    {
      "rank": 226,
      "targetWord": "tænkte",
      "englishWord": "thought"
    },
    {
      "rank": 227,
      "targetWord": "by",
      "englishWord": "city"
    },
    {
      "rank": 228,
      "targetWord": "træ",
      "englishWord": "tree"
    },
    {
      "rank": 229,
      "targetWord": "krydse",
      "englishWord": "cross"
    },
    {
      "rank": 230,
      "targetWord": "gård",
      "englishWord": "farm"
    },
    {
      "rank": 231,
      "targetWord": "hårdt",
      "englishWord": "hard"
    },
    {
      "rank": 232,
      "targetWord": "begyndelse",
      "englishWord": "start"
    },
    {
      "rank": 233,
      "targetWord": "måske",
      "englishWord": "might"
    },
    {
      "rank": 234,
      "targetWord": "historie",
      "englishWord": "story"
    },
    {
      "rank": 235,
      "targetWord": "sav",
      "englishWord": "saw"
    },
    {
      "rank": 236,
      "targetWord": "langt",
      "englishWord": "far"
    },
    {
      "rank": 237,
      "targetWord": "hav",
      "englishWord": "sea"
    },
    {
      "rank": 238,
      "targetWord": "tegne",
      "englishWord": "draw"
    },
    {
      "rank": 239,
      "targetWord": "venstre",
      "englishWord": "left"
    },
    {
      "rank": 240,
      "targetWord": "sent",
      "englishWord": "late"
    },
    {
      "rank": 241,
      "targetWord": "køre",
      "englishWord": "run"
    },
    {
      "rank": 242,
      "targetWord": "ikke",
      "englishWord": "don’t"
    },
    {
      "rank": 243,
      "targetWord": "mens",
      "englishWord": "while"
    },
    {
      "rank": 244,
      "targetWord": "presse",
      "englishWord": "press"
    },
    {
      "rank": 245,
      "targetWord": "tæt",
      "englishWord": "close"
    },
    {
      "rank": 246,
      "targetWord": "nat",
      "englishWord": "night"
    },
    {
      "rank": 247,
      "targetWord": "real",
      "englishWord": "real"
    },
    {
      "rank": 248,
      "targetWord": "liv",
      "englishWord": "life"
    },
    {
      "rank": 249,
      "targetWord": "få",
      "englishWord": "few"
    },
    {
      "rank": 250,
      "targetWord": "nord",
      "englishWord": "north"
    },
    {
      "rank": 251,
      "targetWord": "bog",
      "englishWord": "book"
    },
    {
      "rank": 252,
      "targetWord": "bære",
      "englishWord": "carry"
    },
    {
      "rank": 253,
      "targetWord": "tog",
      "englishWord": "took"
    },
    {
      "rank": 254,
      "targetWord": "videnskab",
      "englishWord": "science"
    },
    {
      "rank": 255,
      "targetWord": "spise",
      "englishWord": "eat"
    },
    {
      "rank": 256,
      "targetWord": "værelse",
      "englishWord": "room"
    },
    {
      "rank": 257,
      "targetWord": "ven",
      "englishWord": "friend"
    },
    {
      "rank": 258,
      "targetWord": "begyndte",
      "englishWord": "began"
    },
    {
      "rank": 259,
      "targetWord": "idé",
      "englishWord": "idea"
    },
    {
      "rank": 260,
      "targetWord": "fisk",
      "englishWord": "fish"
    },
    {
      "rank": 261,
      "targetWord": "bjerg",
      "englishWord": "mountain"
    },
    {
      "rank": 262,
      "targetWord": "stoppe",
      "englishWord": "stop"
    },
    {
      "rank": 263,
      "targetWord": "en gang",
      "englishWord": "once"
    },
    {
      "rank": 264,
      "targetWord": "basen",
      "englishWord": "base"
    },
    {
      "rank": 265,
      "targetWord": "høre",
      "englishWord": "hear"
    },
    {
      "rank": 266,
      "targetWord": "hest",
      "englishWord": "horse"
    },
    {
      "rank": 267,
      "targetWord": "cut",
      "englishWord": "cut"
    },
    {
      "rank": 268,
      "targetWord": "sikker",
      "englishWord": "sure"
    },
    {
      "rank": 269,
      "targetWord": "ser",
      "englishWord": "watch"
    },
    {
      "rank": 270,
      "targetWord": "farve",
      "englishWord": "color"
    },
    {
      "rank": 271,
      "targetWord": "ansigt",
      "englishWord": "face"
    },
    {
      "rank": 272,
      "targetWord": "træ",
      "englishWord": "wood"
    },
    {
      "rank": 273,
      "targetWord": "main",
      "englishWord": "main"
    },
    {
      "rank": 274,
      "targetWord": "åben",
      "englishWord": "open"
    },
    {
      "rank": 275,
      "targetWord": "synes",
      "englishWord": "seem"
    },
    {
      "rank": 276,
      "targetWord": "sammen",
      "englishWord": "together"
    },
    {
      "rank": 277,
      "targetWord": "næste",
      "englishWord": "next"
    },
    {
      "rank": 278,
      "targetWord": "hvid",
      "englishWord": "white"
    },
    {
      "rank": 279,
      "targetWord": "børn",
      "englishWord": "children"
    },
    {
      "rank": 280,
      "targetWord": "begynde",
      "englishWord": "begin"
    },
    {
      "rank": 281,
      "targetWord": "fik",
      "englishWord": "got"
    },
    {
      "rank": 282,
      "targetWord": "gang",
      "englishWord": "walk"
    },
    {
      "rank": 283,
      "targetWord": "eksempel",
      "englishWord": "example"
    },
    {
      "rank": 284,
      "targetWord": "lethed",
      "englishWord": "ease"
    },
    {
      "rank": 285,
      "targetWord": "papir",
      "englishWord": "paper"
    },
    {
      "rank": 286,
      "targetWord": "gruppe",
      "englishWord": "group"
    },
    {
      "rank": 287,
      "targetWord": "altid",
      "englishWord": "always"
    },
    {
      "rank": 288,
      "targetWord": "musik",
      "englishWord": "music"
    },
    {
      "rank": 289,
      "targetWord": "dem",
      "englishWord": "those"
    },
    {
      "rank": 290,
      "targetWord": "både",
      "englishWord": "both"
    },
    {
      "rank": 291,
      "targetWord": "mark",
      "englishWord": "mark"
    },
    {
      "rank": 292,
      "targetWord": "ofte",
      "englishWord": "often"
    },
    {
      "rank": 293,
      "targetWord": "brev",
      "englishWord": "letter"
    },
    {
      "rank": 294,
      "targetWord": "indtil",
      "englishWord": "until"
    },
    {
      "rank": 295,
      "targetWord": "mile",
      "englishWord": "mile"
    },
    {
      "rank": 296,
      "targetWord": "flod",
      "englishWord": "river"
    },
    {
      "rank": 297,
      "targetWord": "bil",
      "englishWord": "car"
    },
    {
      "rank": 298,
      "targetWord": "fødder",
      "englishWord": "feet"
    },
    {
      "rank": 299,
      "targetWord": "pleje",
      "englishWord": "care"
    },
    {
      "rank": 300,
      "targetWord": "sekund",
      "englishWord": "second"
    },
    {
      "rank": 301,
      "targetWord": "nok",
      "englishWord": "enough"
    },
    {
      "rank": 302,
      "targetWord": "plain",
      "englishWord": "plain"
    },
    {
      "rank": 303,
      "targetWord": "pige",
      "englishWord": "girl"
    },
    {
      "rank": 304,
      "targetWord": "sædvanlig",
      "englishWord": "usual"
    },
    {
      "rank": 305,
      "targetWord": "unge",
      "englishWord": "young"
    },
    {
      "rank": 306,
      "targetWord": "klar",
      "englishWord": "ready"
    },
    {
      "rank": 307,
      "targetWord": "ovenfor",
      "englishWord": "above"
    },
    {
      "rank": 308,
      "targetWord": "nogensinde",
      "englishWord": "ever"
    },
    {
      "rank": 309,
      "targetWord": "rød",
      "englishWord": "red"
    },
    {
      "rank": 310,
      "targetWord": "liste",
      "englishWord": "list"
    },
    {
      "rank": 311,
      "targetWord": "selv",
      "englishWord": "though"
    },
    {
      "rank": 312,
      "targetWord": "føler",
      "englishWord": "feel"
    },
    {
      "rank": 313,
      "targetWord": "snak",
      "englishWord": "talk"
    },
    {
      "rank": 314,
      "targetWord": "fugl",
      "englishWord": "bird"
    },
    {
      "rank": 315,
      "targetWord": "snart",
      "englishWord": "soon"
    },
    {
      "rank": 316,
      "targetWord": "krop",
      "englishWord": "body"
    },
    {
      "rank": 317,
      "targetWord": "hund",
      "englishWord": "dog"
    },
    {
      "rank": 318,
      "targetWord": "familie",
      "englishWord": "family"
    },
    {
      "rank": 319,
      "targetWord": "direkte",
      "englishWord": "direct"
    },
    {
      "rank": 320,
      "targetWord": "udgøre",
      "englishWord": "pose"
    },
    {
      "rank": 321,
      "targetWord": "forlade",
      "englishWord": "leave"
    },
    {
      "rank": 322,
      "targetWord": "sang",
      "englishWord": "song"
    },
    {
      "rank": 323,
      "targetWord": "måle",
      "englishWord": "measure"
    },
    {
      "rank": 324,
      "targetWord": "dør",
      "englishWord": "door"
    },
    {
      "rank": 325,
      "targetWord": "produkt",
      "englishWord": "product"
    },
    {
      "rank": 326,
      "targetWord": "sort",
      "englishWord": "black"
    },
    {
      "rank": 327,
      "targetWord": "kort",
      "englishWord": "short"
    },
    {
      "rank": 328,
      "targetWord": "talord",
      "englishWord": "numeral"
    },
    {
      "rank": 329,
      "targetWord": "klasse",
      "englishWord": "class"
    },
    {
      "rank": 330,
      "targetWord": "vind",
      "englishWord": "wind"
    },
    {
      "rank": 331,
      "targetWord": "spørgsmål",
      "englishWord": "question"
    },
    {
      "rank": 332,
      "targetWord": "ske",
      "englishWord": "happen"
    },
    {
      "rank": 333,
      "targetWord": "komplet",
      "englishWord": "complete"
    },
    {
      "rank": 334,
      "targetWord": "skib",
      "englishWord": "ship"
    },
    {
      "rank": 335,
      "targetWord": "område",
      "englishWord": "area"
    },
    {
      "rank": 336,
      "targetWord": "halvdelen",
      "englishWord": "half"
    },
    {
      "rank": 337,
      "targetWord": "sten",
      "englishWord": "rock"
    },
    {
      "rank": 338,
      "targetWord": "ordre",
      "englishWord": "order"
    },
    {
      "rank": 339,
      "targetWord": "brand",
      "englishWord": "fire"
    },
    {
      "rank": 340,
      "targetWord": "syd",
      "englishWord": "south"
    },
    {
      "rank": 341,
      "targetWord": "problem",
      "englishWord": "problem"
    },
    {
      "rank": 342,
      "targetWord": "stykke",
      "englishWord": "piece"
    },
    {
      "rank": 343,
      "targetWord": "fortalt",
      "englishWord": "told"
    },
    {
      "rank": 344,
      "targetWord": "vidste",
      "englishWord": "knew"
    },
    {
      "rank": 345,
      "targetWord": "pass",
      "englishWord": "pass"
    },
    {
      "rank": 346,
      "targetWord": "siden",
      "englishWord": "since"
    },
    {
      "rank": 347,
      "targetWord": "top",
      "englishWord": "top"
    },
    {
      "rank": 348,
      "targetWord": "hele",
      "englishWord": "whole"
    },
    {
      "rank": 349,
      "targetWord": "konge",
      "englishWord": "king"
    },
    {
      "rank": 350,
      "targetWord": "gade",
      "englishWord": "street"
    },
    {
      "rank": 351,
      "targetWord": "tommer",
      "englishWord": "inch"
    },
    {
      "rank": 352,
      "targetWord": "formere",
      "englishWord": "multiply"
    },
    {
      "rank": 353,
      "targetWord": "intet",
      "englishWord": "nothing"
    },
    {
      "rank": 354,
      "targetWord": "kursus",
      "englishWord": "course"
    },
    {
      "rank": 355,
      "targetWord": "ophold",
      "englishWord": "stay"
    },
    {
      "rank": 356,
      "targetWord": "hjul",
      "englishWord": "wheel"
    },
    {
      "rank": 357,
      "targetWord": "fuld",
      "englishWord": "full"
    },
    {
      "rank": 358,
      "targetWord": "kraft",
      "englishWord": "force"
    },
    {
      "rank": 359,
      "targetWord": "blå",
      "englishWord": "blue"
    },
    {
      "rank": 360,
      "targetWord": "objekt",
      "englishWord": "object"
    },
    {
      "rank": 361,
      "targetWord": "beslutte",
      "englishWord": "decide"
    },
    {
      "rank": 362,
      "targetWord": "overflade",
      "englishWord": "surface"
    },
    {
      "rank": 363,
      "targetWord": "dyb",
      "englishWord": "deep"
    },
    {
      "rank": 364,
      "targetWord": "månen",
      "englishWord": "moon"
    },
    {
      "rank": 365,
      "targetWord": "ø",
      "englishWord": "island"
    },
    {
      "rank": 366,
      "targetWord": "fod",
      "englishWord": "foot"
    },
    {
      "rank": 367,
      "targetWord": "systemet",
      "englishWord": "system"
    },
    {
      "rank": 368,
      "targetWord": "travlt",
      "englishWord": "busy"
    },
    {
      "rank": 369,
      "targetWord": "test",
      "englishWord": "test"
    },
    {
      "rank": 370,
      "targetWord": "rekord",
      "englishWord": "record"
    },
    {
      "rank": 371,
      "targetWord": "båd",
      "englishWord": "boat"
    },
    {
      "rank": 372,
      "targetWord": "fælles",
      "englishWord": "common"
    },
    {
      "rank": 373,
      "targetWord": "guld",
      "englishWord": "gold"
    },
    {
      "rank": 374,
      "targetWord": "mulig",
      "englishWord": "possible"
    },
    {
      "rank": 375,
      "targetWord": "planet",
      "englishWord": "plane"
    },
    {
      "rank": 376,
      "targetWord": "stedet",
      "englishWord": "stead"
    },
    {
      "rank": 377,
      "targetWord": "tør",
      "englishWord": "dry"
    },
    {
      "rank": 378,
      "targetWord": "spekulerer",
      "englishWord": "wonder"
    },
    {
      "rank": 379,
      "targetWord": "grine",
      "englishWord": "laugh"
    },
    {
      "rank": 380,
      "targetWord": "tusinde",
      "englishWord": "thousand"
    },
    {
      "rank": 381,
      "targetWord": "siden",
      "englishWord": "ago"
    },
    {
      "rank": 382,
      "targetWord": "løb",
      "englishWord": "ran"
    },
    {
      "rank": 383,
      "targetWord": "tjek",
      "englishWord": "check"
    },
    {
      "rank": 384,
      "targetWord": "spil",
      "englishWord": "game"
    },
    {
      "rank": 385,
      "targetWord": "form",
      "englishWord": "shape"
    },
    {
      "rank": 386,
      "targetWord": "sidestille",
      "englishWord": "equate"
    },
    {
      "rank": 387,
      "targetWord": "varmt",
      "englishWord": "hot"
    },
    {
      "rank": 388,
      "targetWord": "miss",
      "englishWord": "miss"
    },
    {
      "rank": 389,
      "targetWord": "bragt",
      "englishWord": "brought"
    },
    {
      "rank": 390,
      "targetWord": "varme",
      "englishWord": "heat"
    },
    {
      "rank": 391,
      "targetWord": "sne",
      "englishWord": "snow"
    },
    {
      "rank": 392,
      "targetWord": "dæk",
      "englishWord": "tire"
    },
    {
      "rank": 393,
      "targetWord": "bringe",
      "englishWord": "bring"
    },
    {
      "rank": 394,
      "targetWord": "ja",
      "englishWord": "yes"
    },
    {
      "rank": 395,
      "targetWord": "fjernt",
      "englishWord": "distant"
    },
    {
      "rank": 396,
      "targetWord": "fylde",
      "englishWord": "fill"
    },
    {
      "rank": 397,
      "targetWord": "øst",
      "englishWord": "east"
    },
    {
      "rank": 398,
      "targetWord": "maling",
      "englishWord": "paint"
    },
    {
      "rank": 399,
      "targetWord": "sprog",
      "englishWord": "language"
    },
    {
      "rank": 400,
      "targetWord": "blandt",
      "englishWord": "among"
    },
    {
      "rank": 401,
      "targetWord": "enhed",
      "englishWord": "unit"
    },
    {
      "rank": 402,
      "targetWord": "magt",
      "englishWord": "power"
    },
    {
      "rank": 403,
      "targetWord": "by",
      "englishWord": "town"
    },
    {
      "rank": 404,
      "targetWord": "bøde",
      "englishWord": "fine"
    },
    {
      "rank": 405,
      "targetWord": "vis",
      "englishWord": "certain"
    },
    {
      "rank": 406,
      "targetWord": "flyve",
      "englishWord": "fly"
    },
    {
      "rank": 407,
      "targetWord": "falde",
      "englishWord": "fall"
    },
    {
      "rank": 408,
      "targetWord": "føre",
      "englishWord": "lead"
    },
    {
      "rank": 409,
      "targetWord": "råb",
      "englishWord": "cry"
    },
    {
      "rank": 410,
      "targetWord": "mørk",
      "englishWord": "dark"
    },
    {
      "rank": 411,
      "targetWord": "maskine",
      "englishWord": "machine"
    },
    {
      "rank": 412,
      "targetWord": "notat",
      "englishWord": "note"
    },
    {
      "rank": 413,
      "targetWord": "vente",
      "englishWord": "wait"
    },
    {
      "rank": 414,
      "targetWord": "plan",
      "englishWord": "plan"
    },
    {
      "rank": 415,
      "targetWord": "figur",
      "englishWord": "figure"
    },
    {
      "rank": 416,
      "targetWord": "stjerne",
      "englishWord": "star"
    },
    {
      "rank": 417,
      "targetWord": "kasse",
      "englishWord": "box"
    },
    {
      "rank": 418,
      "targetWord": "navneord",
      "englishWord": "noun"
    },
    {
      "rank": 419,
      "targetWord": "felt",
      "englishWord": "field"
    },
    {
      "rank": 420,
      "targetWord": "hvile",
      "englishWord": "rest"
    },
    {
      "rank": 421,
      "targetWord": "korrekt",
      "englishWord": "correct"
    },
    {
      "rank": 422,
      "targetWord": "stand",
      "englishWord": "able"
    },
    {
      "rank": 423,
      "targetWord": "pund",
      "englishWord": "pound"
    },
    {
      "rank": 424,
      "targetWord": "gjort",
      "englishWord": "done"
    },
    {
      "rank": 425,
      "targetWord": "skønhed",
      "englishWord": "beauty"
    },
    {
      "rank": 426,
      "targetWord": "køretur",
      "englishWord": "drive"
    },
    {
      "rank": 427,
      "targetWord": "stod",
      "englishWord": "stood"
    },
    {
      "rank": 428,
      "targetWord": "indeholder",
      "englishWord": "contain"
    },
    {
      "rank": 429,
      "targetWord": "forside",
      "englishWord": "front"
    },
    {
      "rank": 430,
      "targetWord": "undervise",
      "englishWord": "teach"
    },
    {
      "rank": 431,
      "targetWord": "uge",
      "englishWord": "week"
    },
    {
      "rank": 432,
      "targetWord": "endelig",
      "englishWord": "final"
    },
    {
      "rank": 433,
      "targetWord": "gav",
      "englishWord": "gave"
    },
    {
      "rank": 434,
      "targetWord": "grøn",
      "englishWord": "green"
    },
    {
      "rank": 435,
      "targetWord": "oh",
      "englishWord": "oh"
    },
    {
      "rank": 436,
      "targetWord": "hurtig",
      "englishWord": "quick"
    },
    {
      "rank": 437,
      "targetWord": "udvikle",
      "englishWord": "develop"
    },
    {
      "rank": 438,
      "targetWord": "havet",
      "englishWord": "ocean"
    },
    {
      "rank": 439,
      "targetWord": "varm",
      "englishWord": "warm"
    },
    {
      "rank": 440,
      "targetWord": "fri",
      "englishWord": "free"
    },
    {
      "rank": 441,
      "targetWord": "minut",
      "englishWord": "minute"
    },
    {
      "rank": 442,
      "targetWord": "stærk",
      "englishWord": "strong"
    },
    {
      "rank": 443,
      "targetWord": "særlige",
      "englishWord": "special"
    },
    {
      "rank": 444,
      "targetWord": "sind",
      "englishWord": "mind"
    },
    {
      "rank": 445,
      "targetWord": "bag",
      "englishWord": "behind"
    },
    {
      "rank": 446,
      "targetWord": "klar",
      "englishWord": "clear"
    },
    {
      "rank": 447,
      "targetWord": "hale",
      "englishWord": "tail"
    },
    {
      "rank": 448,
      "targetWord": "producere",
      "englishWord": "produce"
    },
    {
      "rank": 449,
      "targetWord": "kendsgerning",
      "englishWord": "fact"
    },
    {
      "rank": 450,
      "targetWord": "rum",
      "englishWord": "space"
    },
    {
      "rank": 451,
      "targetWord": "hørt",
      "englishWord": "heard"
    },
    {
      "rank": 452,
      "targetWord": "bedst",
      "englishWord": "best"
    },
    {
      "rank": 453,
      "targetWord": "time",
      "englishWord": "hour"
    },
    {
      "rank": 454,
      "targetWord": "bedre",
      "englishWord": "better"
    },
    {
      "rank": 455,
      "targetWord": "sand",
      "englishWord": "true"
    },
    {
      "rank": 456,
      "targetWord": "i løbet af",
      "englishWord": "during"
    },
    {
      "rank": 457,
      "targetWord": "hundrede",
      "englishWord": "hundred"
    },
    {
      "rank": 458,
      "targetWord": "fem",
      "englishWord": "five"
    },
    {
      "rank": 459,
      "targetWord": "huske",
      "englishWord": "remember"
    },
    {
      "rank": 460,
      "targetWord": "trin",
      "englishWord": "step"
    },
    {
      "rank": 461,
      "targetWord": "tidligt",
      "englishWord": "early"
    },
    {
      "rank": 462,
      "targetWord": "holde",
      "englishWord": "hold"
    },
    {
      "rank": 463,
      "targetWord": "vest",
      "englishWord": "west"
    },
    {
      "rank": 464,
      "targetWord": "jorden",
      "englishWord": "ground"
    },
    {
      "rank": 465,
      "targetWord": "interesse",
      "englishWord": "interest"
    },
    {
      "rank": 466,
      "targetWord": "nå",
      "englishWord": "reach"
    },
    {
      "rank": 467,
      "targetWord": "hurtigt",
      "englishWord": "fast"
    },
    {
      "rank": 468,
      "targetWord": "verbum",
      "englishWord": "verb"
    },
    {
      "rank": 469,
      "targetWord": "synge",
      "englishWord": "sing"
    },
    {
      "rank": 470,
      "targetWord": "lytte",
      "englishWord": "listen"
    },
    {
      "rank": 471,
      "targetWord": "seks",
      "englishWord": "six"
    },
    {
      "rank": 472,
      "targetWord": "tabel",
      "englishWord": "table"
    },
    {
      "rank": 473,
      "targetWord": "rejser",
      "englishWord": "travel"
    },
    {
      "rank": 474,
      "targetWord": "mindre",
      "englishWord": "less"
    },
    {
      "rank": 475,
      "targetWord": "formiddag",
      "englishWord": "morning"
    },
    {
      "rank": 476,
      "targetWord": "ti",
      "englishWord": "ten"
    },
    {
      "rank": 477,
      "targetWord": "simpelt",
      "englishWord": "simple"
    },
    {
      "rank": 478,
      "targetWord": "flere",
      "englishWord": "several"
    },
    {
      "rank": 479,
      "targetWord": "vokal",
      "englishWord": "vowel"
    },
    {
      "rank": 480,
      "targetWord": "mod",
      "englishWord": "toward"
    },
    {
      "rank": 481,
      "targetWord": "krig",
      "englishWord": "war"
    },
    {
      "rank": 482,
      "targetWord": "lægge",
      "englishWord": "lay"
    },
    {
      "rank": 483,
      "targetWord": "mod",
      "englishWord": "against"
    },
    {
      "rank": 484,
      "targetWord": "mønster",
      "englishWord": "pattern"
    },
    {
      "rank": 485,
      "targetWord": "langsom",
      "englishWord": "slow"
    },
    {
      "rank": 486,
      "targetWord": "centrum",
      "englishWord": "center"
    },
    {
      "rank": 487,
      "targetWord": "elsker",
      "englishWord": "love"
    },
    {
      "rank": 488,
      "targetWord": "person,",
      "englishWord": "person"
    },
    {
      "rank": 489,
      "targetWord": "penge",
      "englishWord": "money"
    },
    {
      "rank": 490,
      "targetWord": "tjene",
      "englishWord": "serve"
    },
    {
      "rank": 491,
      "targetWord": "synes",
      "englishWord": "appear"
    },
    {
      "rank": 492,
      "targetWord": "vej",
      "englishWord": "road"
    },
    {
      "rank": 493,
      "targetWord": "kort",
      "englishWord": "map"
    },
    {
      "rank": 494,
      "targetWord": "regn",
      "englishWord": "rain"
    },
    {
      "rank": 495,
      "targetWord": "regel",
      "englishWord": "rule"
    },
    {
      "rank": 496,
      "targetWord": "regere",
      "englishWord": "govern"
    },
    {
      "rank": 497,
      "targetWord": "træk",
      "englishWord": "pull"
    },
    {
      "rank": 498,
      "targetWord": "kold",
      "englishWord": "cold"
    },
    {
      "rank": 499,
      "targetWord": "varsel",
      "englishWord": "notice"
    },
    {
      "rank": 500,
      "targetWord": "stemme",
      "englishWord": "voice"
    },
    {
      "rank": 501,
      "targetWord": "energi",
      "englishWord": "energy"
    },
    {
      "rank": 502,
      "targetWord": "jagt",
      "englishWord": "hunt"
    },
    {
      "rank": 503,
      "targetWord": "sandsynlig",
      "englishWord": "probable"
    },
    {
      "rank": 504,
      "targetWord": "seng",
      "englishWord": "bed"
    },
    {
      "rank": 505,
      "targetWord": "bror",
      "englishWord": "brother"
    },
    {
      "rank": 506,
      "targetWord": "æg",
      "englishWord": "egg"
    },
    {
      "rank": 507,
      "targetWord": "tur",
      "englishWord": "ride"
    },
    {
      "rank": 508,
      "targetWord": "celle",
      "englishWord": "cell"
    },
    {
      "rank": 509,
      "targetWord": "tro",
      "englishWord": "believe"
    },
    {
      "rank": 510,
      "targetWord": "måske",
      "englishWord": "perhaps"
    },
    {
      "rank": 511,
      "targetWord": "pick",
      "englishWord": "pick"
    },
    {
      "rank": 512,
      "targetWord": "pludselige",
      "englishWord": "sudden"
    },
    {
      "rank": 513,
      "targetWord": "tælle",
      "englishWord": "count"
    },
    {
      "rank": 514,
      "targetWord": "firkantet",
      "englishWord": "square"
    },
    {
      "rank": 515,
      "targetWord": "årsag",
      "englishWord": "reason"
    },
    {
      "rank": 516,
      "targetWord": "længde",
      "englishWord": "length"
    },
    {
      "rank": 517,
      "targetWord": "repræsentere",
      "englishWord": "represent"
    },
    {
      "rank": 518,
      "targetWord": "kunst",
      "englishWord": "art"
    },
    {
      "rank": 519,
      "targetWord": "emne",
      "englishWord": "subject"
    },
    {
      "rank": 520,
      "targetWord": "regionen",
      "englishWord": "region"
    },
    {
      "rank": 521,
      "targetWord": "størrelse",
      "englishWord": "size"
    },
    {
      "rank": 522,
      "targetWord": "variere",
      "englishWord": "vary"
    },
    {
      "rank": 523,
      "targetWord": "bosætte",
      "englishWord": "settle"
    },
    {
      "rank": 524,
      "targetWord": "tale",
      "englishWord": "speak"
    },
    {
      "rank": 525,
      "targetWord": "vægt",
      "englishWord": "weight"
    },
    {
      "rank": 526,
      "targetWord": "generelt",
      "englishWord": "general"
    },
    {
      "rank": 527,
      "targetWord": "is",
      "englishWord": "ice"
    },
    {
      "rank": 528,
      "targetWord": "stof",
      "englishWord": "matter"
    },
    {
      "rank": 529,
      "targetWord": "cirkel",
      "englishWord": "circle"
    },
    {
      "rank": 530,
      "targetWord": "pair",
      "englishWord": "pair"
    },
    {
      "rank": 531,
      "targetWord": "omfatter",
      "englishWord": "include"
    },
    {
      "rank": 532,
      "targetWord": "kløft",
      "englishWord": "divide"
    },
    {
      "rank": 533,
      "targetWord": "stavelse",
      "englishWord": "syllable"
    },
    {
      "rank": 534,
      "targetWord": "filt",
      "englishWord": "felt"
    },
    {
      "rank": 535,
      "targetWord": "store",
      "englishWord": "grand"
    },
    {
      "rank": 536,
      "targetWord": "kugle",
      "englishWord": "ball"
    },
    {
      "rank": 537,
      "targetWord": "endnu",
      "englishWord": "yet"
    },
    {
      "rank": 538,
      "targetWord": "bølge",
      "englishWord": "wave"
    },
    {
      "rank": 539,
      "targetWord": "drop",
      "englishWord": "drop"
    },
    {
      "rank": 540,
      "targetWord": "hjerte",
      "englishWord": "heart"
    },
    {
      "rank": 541,
      "targetWord": "am",
      "englishWord": "am"
    },
    {
      "rank": 542,
      "targetWord": "til stede",
      "englishWord": "present"
    },
    {
      "rank": 543,
      "targetWord": "tung",
      "englishWord": "heavy"
    },
    {
      "rank": 544,
      "targetWord": "dans",
      "englishWord": "dance"
    },
    {
      "rank": 545,
      "targetWord": "motor",
      "englishWord": "engine"
    },
    {
      "rank": 546,
      "targetWord": "stilling",
      "englishWord": "position"
    },
    {
      "rank": 547,
      "targetWord": "armen",
      "englishWord": "arm"
    },
    {
      "rank": 548,
      "targetWord": "bred",
      "englishWord": "wide"
    },
    {
      "rank": 549,
      "targetWord": "sejl",
      "englishWord": "sail"
    },
    {
      "rank": 550,
      "targetWord": "materiale",
      "englishWord": "material"
    },
    {
      "rank": 551,
      "targetWord": "fraktion",
      "englishWord": "fraction"
    },
    {
      "rank": 552,
      "targetWord": "skov",
      "englishWord": "forest"
    },
    {
      "rank": 553,
      "targetWord": "sidde",
      "englishWord": "sit"
    },
    {
      "rank": 554,
      "targetWord": "løb",
      "englishWord": "race"
    },
    {
      "rank": 555,
      "targetWord": "vindue",
      "englishWord": "window"
    },
    {
      "rank": 556,
      "targetWord": "butik",
      "englishWord": "store"
    },
    {
      "rank": 557,
      "targetWord": "sommer",
      "englishWord": "summer"
    },
    {
      "rank": 558,
      "targetWord": "tog",
      "englishWord": "train"
    },
    {
      "rank": 559,
      "targetWord": "søvn",
      "englishWord": "sleep"
    },
    {
      "rank": 560,
      "targetWord": "bevise",
      "englishWord": "prove"
    },
    {
      "rank": 561,
      "targetWord": "enlig",
      "englishWord": "lone"
    },
    {
      "rank": 562,
      "targetWord": "ben",
      "englishWord": "leg"
    },
    {
      "rank": 563,
      "targetWord": "motion",
      "englishWord": "exercise"
    },
    {
      "rank": 564,
      "targetWord": "væg",
      "englishWord": "wall"
    },
    {
      "rank": 565,
      "targetWord": "fangst",
      "englishWord": "catch"
    },
    {
      "rank": 566,
      "targetWord": "monteringstid",
      "englishWord": "mount"
    },
    {
      "rank": 567,
      "targetWord": "ønske",
      "englishWord": "wish"
    },
    {
      "rank": 568,
      "targetWord": "himmel",
      "englishWord": "sky"
    },
    {
      "rank": 569,
      "targetWord": "bord",
      "englishWord": "board"
    },
    {
      "rank": 570,
      "targetWord": "glæde",
      "englishWord": "joy"
    },
    {
      "rank": 571,
      "targetWord": "vinter",
      "englishWord": "winter"
    },
    {
      "rank": 572,
      "targetWord": "Lør",
      "englishWord": "sat"
    },
    {
      "rank": 573,
      "targetWord": "skriftlig",
      "englishWord": "written"
    },
    {
      "rank": 574,
      "targetWord": "vild",
      "englishWord": "wild"
    },
    {
      "rank": 575,
      "targetWord": "redskab",
      "englishWord": "instrument"
    },
    {
      "rank": 576,
      "targetWord": "holdt",
      "englishWord": "kept"
    },
    {
      "rank": 577,
      "targetWord": "glas",
      "englishWord": "glass"
    },
    {
      "rank": 578,
      "targetWord": "græs",
      "englishWord": "grass"
    },
    {
      "rank": 579,
      "targetWord": "ko",
      "englishWord": "cow"
    },
    {
      "rank": 580,
      "targetWord": "job",
      "englishWord": "job"
    },
    {
      "rank": 581,
      "targetWord": "kant",
      "englishWord": "edge"
    },
    {
      "rank": 582,
      "targetWord": "tegn",
      "englishWord": "sign"
    },
    {
      "rank": 583,
      "targetWord": "besøg",
      "englishWord": "visit"
    },
    {
      "rank": 584,
      "targetWord": "fortid",
      "englishWord": "past"
    },
    {
      "rank": 585,
      "targetWord": "blød",
      "englishWord": "soft"
    },
    {
      "rank": 586,
      "targetWord": "sjov",
      "englishWord": "fun"
    },
    {
      "rank": 587,
      "targetWord": "lyse",
      "englishWord": "bright"
    },
    {
      "rank": 588,
      "targetWord": "gas",
      "englishWord": "gas"
    },
    {
      "rank": 589,
      "targetWord": "vejr",
      "englishWord": "weather"
    },
    {
      "rank": 590,
      "targetWord": "måned",
      "englishWord": "month"
    },
    {
      "rank": 591,
      "targetWord": "millioner",
      "englishWord": "million"
    },
    {
      "rank": 592,
      "targetWord": "bære",
      "englishWord": "bear"
    },
    {
      "rank": 593,
      "targetWord": "slut",
      "englishWord": "finish"
    },
    {
      "rank": 594,
      "targetWord": "glad",
      "englishWord": "happy"
    },
    {
      "rank": 595,
      "targetWord": "håber",
      "englishWord": "hope"
    },
    {
      "rank": 596,
      "targetWord": "blomst",
      "englishWord": "flower"
    },
    {
      "rank": 597,
      "targetWord": "iklæde",
      "englishWord": "clothe"
    },
    {
      "rank": 598,
      "targetWord": "mærkelig",
      "englishWord": "strange"
    },
    {
      "rank": 599,
      "targetWord": "væk",
      "englishWord": "gone"
    },
    {
      "rank": 600,
      "targetWord": "handel",
      "englishWord": "trade"
    },
    {
      "rank": 601,
      "targetWord": "melodi",
      "englishWord": "melody"
    },
    {
      "rank": 602,
      "targetWord": "tur",
      "englishWord": "trip"
    },
    {
      "rank": 603,
      "targetWord": "kontor",
      "englishWord": "office"
    },
    {
      "rank": 604,
      "targetWord": "modtage",
      "englishWord": "receive"
    },
    {
      "rank": 605,
      "targetWord": "række",
      "englishWord": "row"
    },
    {
      "rank": 606,
      "targetWord": "mund",
      "englishWord": "mouth"
    },
    {
      "rank": 607,
      "targetWord": "eksakt",
      "englishWord": "exact"
    },
    {
      "rank": 608,
      "targetWord": "symbolet",
      "englishWord": "symbol"
    },
    {
      "rank": 609,
      "targetWord": "dø",
      "englishWord": "die"
    },
    {
      "rank": 610,
      "targetWord": "mindst",
      "englishWord": "least"
    },
    {
      "rank": 611,
      "targetWord": "besvær",
      "englishWord": "trouble"
    },
    {
      "rank": 612,
      "targetWord": "råbe",
      "englishWord": "shout"
    },
    {
      "rank": 613,
      "targetWord": "undtagen",
      "englishWord": "except"
    },
    {
      "rank": 614,
      "targetWord": "skrev",
      "englishWord": "wrote"
    },
    {
      "rank": 615,
      "targetWord": "frø",
      "englishWord": "seed"
    },
    {
      "rank": 616,
      "targetWord": "tone",
      "englishWord": "tone"
    },
    {
      "rank": 617,
      "targetWord": "slutte",
      "englishWord": "join"
    },
    {
      "rank": 618,
      "targetWord": "tyder",
      "englishWord": "suggest"
    },
    {
      "rank": 619,
      "targetWord": "ren",
      "englishWord": "clean"
    },
    {
      "rank": 620,
      "targetWord": "pause",
      "englishWord": "break"
    },
    {
      "rank": 621,
      "targetWord": "dame",
      "englishWord": "lady"
    },
    {
      "rank": 622,
      "targetWord": "værftet",
      "englishWord": "yard"
    },
    {
      "rank": 623,
      "targetWord": "stige",
      "englishWord": "rise"
    },
    {
      "rank": 624,
      "targetWord": "dårlig",
      "englishWord": "bad"
    },
    {
      "rank": 625,
      "targetWord": "slag",
      "englishWord": "blow"
    },
    {
      "rank": 626,
      "targetWord": "olie",
      "englishWord": "oil"
    },
    {
      "rank": 627,
      "targetWord": "blod",
      "englishWord": "blood"
    },
    {
      "rank": 628,
      "targetWord": "røre",
      "englishWord": "touch"
    },
    {
      "rank": 629,
      "targetWord": "voksede",
      "englishWord": "grew"
    },
    {
      "rank": 630,
      "targetWord": "procent",
      "englishWord": "cent"
    },
    {
      "rank": 631,
      "targetWord": "mix",
      "englishWord": "mix"
    },
    {
      "rank": 632,
      "targetWord": "hold",
      "englishWord": "team"
    },
    {
      "rank": 633,
      "targetWord": "ledning",
      "englishWord": "wire"
    },
    {
      "rank": 634,
      "targetWord": "omkostninger",
      "englishWord": "cost"
    },
    {
      "rank": 635,
      "targetWord": "tabt",
      "englishWord": "lost"
    },
    {
      "rank": 636,
      "targetWord": "brun",
      "englishWord": "brown"
    },
    {
      "rank": 637,
      "targetWord": "slid",
      "englishWord": "wear"
    },
    {
      "rank": 638,
      "targetWord": "haven",
      "englishWord": "garden"
    },
    {
      "rank": 639,
      "targetWord": "lige",
      "englishWord": "equal"
    },
    {
      "rank": 640,
      "targetWord": "sendt",
      "englishWord": "sent"
    },
    {
      "rank": 641,
      "targetWord": "vælge",
      "englishWord": "choose"
    },
    {
      "rank": 642,
      "targetWord": "faldt",
      "englishWord": "fell"
    },
    {
      "rank": 643,
      "targetWord": "passe",
      "englishWord": "fit"
    },
    {
      "rank": 644,
      "targetWord": "flow",
      "englishWord": "flow"
    },
    {
      "rank": 645,
      "targetWord": "retfærdig",
      "englishWord": "fair"
    },
    {
      "rank": 646,
      "targetWord": "bank",
      "englishWord": "bank"
    },
    {
      "rank": 647,
      "targetWord": "indsamle",
      "englishWord": "collect"
    },
    {
      "rank": 648,
      "targetWord": "spare",
      "englishWord": "save"
    },
    {
      "rank": 649,
      "targetWord": "kontrol",
      "englishWord": "control"
    },
    {
      "rank": 650,
      "targetWord": "decimal",
      "englishWord": "decimal"
    },
    {
      "rank": 651,
      "targetWord": "øre",
      "englishWord": "ear"
    },
    {
      "rank": 652,
      "targetWord": "andet",
      "englishWord": "else"
    },
    {
      "rank": 653,
      "targetWord": "helt",
      "englishWord": "quite"
    },
    {
      "rank": 654,
      "targetWord": "brød",
      "englishWord": "broke"
    },
    {
      "rank": 655,
      "targetWord": "tilfælde",
      "englishWord": "case"
    },
    {
      "rank": 656,
      "targetWord": "midten",
      "englishWord": "middle"
    },
    {
      "rank": 657,
      "targetWord": "dræbe",
      "englishWord": "kill"
    },
    {
      "rank": 658,
      "targetWord": "søn",
      "englishWord": "son"
    },
    {
      "rank": 659,
      "targetWord": "sø",
      "englishWord": "lake"
    },
    {
      "rank": 660,
      "targetWord": "øjeblik",
      "englishWord": "moment"
    },
    {
      "rank": 661,
      "targetWord": "skala",
      "englishWord": "scale"
    },
    {
      "rank": 662,
      "targetWord": "højt",
      "englishWord": "loud"
    },
    {
      "rank": 663,
      "targetWord": "fjeder",
      "englishWord": "spring"
    },
    {
      "rank": 664,
      "targetWord": "observere",
      "englishWord": "observe"
    },
    {
      "rank": 665,
      "targetWord": "barn",
      "englishWord": "child"
    },
    {
      "rank": 666,
      "targetWord": "lige ud",
      "englishWord": "straight"
    },
    {
      "rank": 667,
      "targetWord": "konsonant",
      "englishWord": "consonant"
    },
    {
      "rank": 668,
      "targetWord": "nation",
      "englishWord": "nation"
    },
    {
      "rank": 669,
      "targetWord": "ordbog",
      "englishWord": "dictionary"
    },
    {
      "rank": 670,
      "targetWord": "mælk",
      "englishWord": "milk"
    },
    {
      "rank": 671,
      "targetWord": "hastighed",
      "englishWord": "speed"
    },
    {
      "rank": 672,
      "targetWord": "metode",
      "englishWord": "method"
    },
    {
      "rank": 673,
      "targetWord": "orgel",
      "englishWord": "organ"
    },
    {
      "rank": 674,
      "targetWord": "betale",
      "englishWord": "pay"
    },
    {
      "rank": 675,
      "targetWord": "alder",
      "englishWord": "age"
    },
    {
      "rank": 676,
      "targetWord": "sektion",
      "englishWord": "section"
    },
    {
      "rank": 677,
      "targetWord": "kjole",
      "englishWord": "dress"
    },
    {
      "rank": 678,
      "targetWord": "sky",
      "englishWord": "cloud"
    },
    {
      "rank": 679,
      "targetWord": "overraskelse",
      "englishWord": "surprise"
    },
    {
      "rank": 680,
      "targetWord": "stille",
      "englishWord": "quiet"
    },
    {
      "rank": 681,
      "targetWord": "sten",
      "englishWord": "stone"
    },
    {
      "rank": 682,
      "targetWord": "lille",
      "englishWord": "tiny"
    },
    {
      "rank": 683,
      "targetWord": "klatre",
      "englishWord": "climb"
    },
    {
      "rank": 684,
      "targetWord": "køligt",
      "englishWord": "cool"
    },
    {
      "rank": 685,
      "targetWord": "konstruktion",
      "englishWord": "design"
    },
    {
      "rank": 686,
      "targetWord": "dårlig",
      "englishWord": "poor"
    },
    {
      "rank": 687,
      "targetWord": "parti",
      "englishWord": "lot"
    },
    {
      "rank": 688,
      "targetWord": "eksperiment",
      "englishWord": "experiment"
    },
    {
      "rank": 689,
      "targetWord": "bund",
      "englishWord": "bottom"
    },
    {
      "rank": 690,
      "targetWord": "nøgle",
      "englishWord": "key"
    },
    {
      "rank": 691,
      "targetWord": "jern",
      "englishWord": "iron"
    },
    {
      "rank": 692,
      "targetWord": "enkelt",
      "englishWord": "single"
    },
    {
      "rank": 693,
      "targetWord": "stick",
      "englishWord": "stick"
    },
    {
      "rank": 694,
      "targetWord": "flad",
      "englishWord": "flat"
    },
    {
      "rank": 695,
      "targetWord": "tyve",
      "englishWord": "twenty"
    },
    {
      "rank": 696,
      "targetWord": "hud",
      "englishWord": "skin"
    },
    {
      "rank": 697,
      "targetWord": "smil",
      "englishWord": "smile"
    },
    {
      "rank": 698,
      "targetWord": "krølle",
      "englishWord": "crease"
    },
    {
      "rank": 699,
      "targetWord": "hul",
      "englishWord": "hole"
    },
    {
      "rank": 700,
      "targetWord": "hoppe",
      "englishWord": "jump"
    },
    {
      "rank": 701,
      "targetWord": "barn",
      "englishWord": "baby"
    },
    {
      "rank": 702,
      "targetWord": "otte",
      "englishWord": "eight"
    },
    {
      "rank": 703,
      "targetWord": "landsby",
      "englishWord": "village"
    },
    {
      "rank": 704,
      "targetWord": "Mød",
      "englishWord": "meet"
    },
    {
      "rank": 705,
      "targetWord": "rod",
      "englishWord": "root"
    },
    {
      "rank": 706,
      "targetWord": "købe",
      "englishWord": "buy"
    },
    {
      "rank": 707,
      "targetWord": "hæve",
      "englishWord": "raise"
    },
    {
      "rank": 708,
      "targetWord": "løse",
      "englishWord": "solve"
    },
    {
      "rank": 709,
      "targetWord": "metal",
      "englishWord": "metal"
    },
    {
      "rank": 710,
      "targetWord": "hvorvidt",
      "englishWord": "whether"
    },
    {
      "rank": 711,
      "targetWord": "skub",
      "englishWord": "push"
    },
    {
      "rank": 712,
      "targetWord": "syv",
      "englishWord": "seven"
    },
    {
      "rank": 713,
      "targetWord": "afsnit",
      "englishWord": "paragraph"
    },
    {
      "rank": 714,
      "targetWord": "tredje",
      "englishWord": "third"
    },
    {
      "rank": 715,
      "targetWord": "skal",
      "englishWord": "shall"
    },
    {
      "rank": 716,
      "targetWord": "Held",
      "englishWord": "held"
    },
    {
      "rank": 717,
      "targetWord": "hår",
      "englishWord": "hair"
    },
    {
      "rank": 718,
      "targetWord": "beskrive",
      "englishWord": "describe"
    },
    {
      "rank": 719,
      "targetWord": "kok",
      "englishWord": "cook"
    },
    {
      "rank": 720,
      "targetWord": "gulv",
      "englishWord": "floor"
    },
    {
      "rank": 721,
      "targetWord": "enten",
      "englishWord": "either"
    },
    {
      "rank": 722,
      "targetWord": "resultat",
      "englishWord": "result"
    },
    {
      "rank": 723,
      "targetWord": "brænde",
      "englishWord": "burn"
    },
    {
      "rank": 724,
      "targetWord": "bakke",
      "englishWord": "hill"
    },
    {
      "rank": 725,
      "targetWord": "sikker",
      "englishWord": "safe"
    },
    {
      "rank": 726,
      "targetWord": "kat",
      "englishWord": "cat"
    },
    {
      "rank": 727,
      "targetWord": "århundrede",
      "englishWord": "century"
    },
    {
      "rank": 728,
      "targetWord": "overveje",
      "englishWord": "consider"
    },
    {
      "rank": 729,
      "targetWord": "typen",
      "englishWord": "type"
    },
    {
      "rank": 730,
      "targetWord": "lov",
      "englishWord": "law"
    },
    {
      "rank": 731,
      "targetWord": "bit",
      "englishWord": "bit"
    },
    {
      "rank": 732,
      "targetWord": "kyst",
      "englishWord": "coast"
    },
    {
      "rank": 733,
      "targetWord": "kopi",
      "englishWord": "copy"
    },
    {
      "rank": 734,
      "targetWord": "sætning",
      "englishWord": "phrase"
    },
    {
      "rank": 735,
      "targetWord": "lydløs",
      "englishWord": "silent"
    },
    {
      "rank": 736,
      "targetWord": "høj",
      "englishWord": "tall"
    },
    {
      "rank": 737,
      "targetWord": "sandet",
      "englishWord": "sand"
    },
    {
      "rank": 738,
      "targetWord": "jord",
      "englishWord": "soil"
    },
    {
      "rank": 739,
      "targetWord": "rulle",
      "englishWord": "roll"
    },
    {
      "rank": 740,
      "targetWord": "temperatur",
      "englishWord": "temperature"
    },
    {
      "rank": 741,
      "targetWord": "finger",
      "englishWord": "finger"
    },
    {
      "rank": 742,
      "targetWord": "industri",
      "englishWord": "industry"
    },
    {
      "rank": 743,
      "targetWord": "værdi",
      "englishWord": "value"
    },
    {
      "rank": 744,
      "targetWord": "kamp",
      "englishWord": "fight"
    },
    {
      "rank": 745,
      "targetWord": "løgn",
      "englishWord": "lie"
    },
    {
      "rank": 746,
      "targetWord": "slå",
      "englishWord": "beat"
    },
    {
      "rank": 747,
      "targetWord": "ophidse",
      "englishWord": "excite"
    },
    {
      "rank": 748,
      "targetWord": "naturlig",
      "englishWord": "natural"
    },
    {
      "rank": 749,
      "targetWord": "udsigt",
      "englishWord": "view"
    },
    {
      "rank": 750,
      "targetWord": "fornuft",
      "englishWord": "sense"
    },
    {
      "rank": 751,
      "targetWord": "kapital",
      "englishWord": "capital"
    },
    {
      "rank": 752,
      "targetWord": "vil ikke",
      "englishWord": "won’t"
    },
    {
      "rank": 753,
      "targetWord": "stol",
      "englishWord": "chair"
    },
    {
      "rank": 754,
      "targetWord": "fare",
      "englishWord": "danger"
    },
    {
      "rank": 755,
      "targetWord": "frugt",
      "englishWord": "fruit"
    },
    {
      "rank": 756,
      "targetWord": "rig",
      "englishWord": "rich"
    },
    {
      "rank": 757,
      "targetWord": "tyk",
      "englishWord": "thick"
    },
    {
      "rank": 758,
      "targetWord": "soldat",
      "englishWord": "soldier"
    },
    {
      "rank": 759,
      "targetWord": "proces",
      "englishWord": "process"
    },
    {
      "rank": 760,
      "targetWord": "operere",
      "englishWord": "operate"
    },
    {
      "rank": 761,
      "targetWord": "praksis",
      "englishWord": "practice"
    },
    {
      "rank": 762,
      "targetWord": "særskilt",
      "englishWord": "separate"
    },
    {
      "rank": 763,
      "targetWord": "svært",
      "englishWord": "difficult"
    },
    {
      "rank": 764,
      "targetWord": "læge",
      "englishWord": "doctor"
    },
    {
      "rank": 765,
      "targetWord": "venligst",
      "englishWord": "please"
    },
    {
      "rank": 766,
      "targetWord": "beskytte",
      "englishWord": "protect"
    },
    {
      "rank": 767,
      "targetWord": "middag",
      "englishWord": "noon"
    },
    {
      "rank": 768,
      "targetWord": "afgrøde",
      "englishWord": "crop"
    },
    {
      "rank": 769,
      "targetWord": "moderne",
      "englishWord": "modern"
    },
    {
      "rank": 770,
      "targetWord": "elementet",
      "englishWord": "element"
    },
    {
      "rank": 771,
      "targetWord": "hit",
      "englishWord": "hit"
    },
    {
      "rank": 772,
      "targetWord": "studerende",
      "englishWord": "student"
    },
    {
      "rank": 773,
      "targetWord": "hjørne",
      "englishWord": "corner"
    },
    {
      "rank": 774,
      "targetWord": "parti",
      "englishWord": "party"
    },
    {
      "rank": 775,
      "targetWord": "forsyning",
      "englishWord": "supply"
    },
    {
      "rank": 776,
      "targetWord": "hvis",
      "englishWord": "whose"
    },
    {
      "rank": 777,
      "targetWord": "lokalisere",
      "englishWord": "locate"
    },
    {
      "rank": 778,
      "targetWord": "ring",
      "englishWord": "ring"
    },
    {
      "rank": 779,
      "targetWord": "karakter",
      "englishWord": "character"
    },
    {
      "rank": 780,
      "targetWord": "insekt",
      "englishWord": "insect"
    },
    {
      "rank": 781,
      "targetWord": "fanget",
      "englishWord": "caught"
    },
    {
      "rank": 782,
      "targetWord": "periode",
      "englishWord": "period"
    },
    {
      "rank": 783,
      "targetWord": "angive",
      "englishWord": "indicate"
    },
    {
      "rank": 784,
      "targetWord": "radio",
      "englishWord": "radio"
    },
    {
      "rank": 785,
      "targetWord": "talte",
      "englishWord": "spoke"
    },
    {
      "rank": 786,
      "targetWord": "atomet",
      "englishWord": "atom"
    },
    {
      "rank": 787,
      "targetWord": "menneske",
      "englishWord": "human"
    },
    {
      "rank": 788,
      "targetWord": "historie",
      "englishWord": "history"
    },
    {
      "rank": 789,
      "targetWord": "effekt",
      "englishWord": "effect"
    },
    {
      "rank": 790,
      "targetWord": "elektrisk",
      "englishWord": "electric"
    },
    {
      "rank": 791,
      "targetWord": "forventer",
      "englishWord": "expect"
    },
    {
      "rank": 792,
      "targetWord": "knogle",
      "englishWord": "bone"
    },
    {
      "rank": 793,
      "targetWord": "skinne",
      "englishWord": "rail"
    },
    {
      "rank": 794,
      "targetWord": "forestille",
      "englishWord": "imagine"
    },
    {
      "rank": 795,
      "targetWord": "give",
      "englishWord": "provide"
    },
    {
      "rank": 796,
      "targetWord": "enige",
      "englishWord": "agree"
    },
    {
      "rank": 797,
      "targetWord": "således",
      "englishWord": "thus"
    },
    {
      "rank": 798,
      "targetWord": "blid",
      "englishWord": "gentle"
    },
    {
      "rank": 799,
      "targetWord": "kvinde",
      "englishWord": "woman"
    },
    {
      "rank": 800,
      "targetWord": "kaptajn",
      "englishWord": "captain"
    },
    {
      "rank": 801,
      "targetWord": "gætte",
      "englishWord": "guess"
    },
    {
      "rank": 802,
      "targetWord": "nødvendig",
      "englishWord": "necessary"
    },
    {
      "rank": 803,
      "targetWord": "skarp",
      "englishWord": "sharp"
    },
    {
      "rank": 804,
      "targetWord": "vinge",
      "englishWord": "wing"
    },
    {
      "rank": 805,
      "targetWord": "skabe",
      "englishWord": "create"
    },
    {
      "rank": 806,
      "targetWord": "nabo",
      "englishWord": "neighbor"
    },
    {
      "rank": 807,
      "targetWord": "vask",
      "englishWord": "wash"
    },
    {
      "rank": 808,
      "targetWord": "flagermus",
      "englishWord": "bat"
    },
    {
      "rank": 809,
      "targetWord": "snarere",
      "englishWord": "rather"
    },
    {
      "rank": 810,
      "targetWord": "mængden",
      "englishWord": "crowd"
    },
    {
      "rank": 811,
      "targetWord": "majs",
      "englishWord": "corn"
    },
    {
      "rank": 812,
      "targetWord": "sammenligne",
      "englishWord": "compare"
    },
    {
      "rank": 813,
      "targetWord": "digt",
      "englishWord": "poem"
    },
    {
      "rank": 814,
      "targetWord": "streng",
      "englishWord": "string"
    },
    {
      "rank": 815,
      "targetWord": "klokke",
      "englishWord": "bell"
    },
    {
      "rank": 816,
      "targetWord": "afhænge",
      "englishWord": "depend"
    },
    {
      "rank": 817,
      "targetWord": "kød",
      "englishWord": "meat"
    },
    {
      "rank": 818,
      "targetWord": "gnide",
      "englishWord": "rub"
    },
    {
      "rank": 819,
      "targetWord": "rør",
      "englishWord": "tube"
    },
    {
      "rank": 820,
      "targetWord": "berømt",
      "englishWord": "famous"
    },
    {
      "rank": 921,
      "targetWord": "dollaren",
      "englishWord": "dollar"
    },
    {
      "rank": 822,
      "targetWord": "strøm",
      "englishWord": "stream"
    },
    {
      "rank": 823,
      "targetWord": "frygt",
      "englishWord": "fear"
    },
    {
      "rank": 284,
      "targetWord": "syn",
      "englishWord": "sight"
    },
    {
      "rank": 825,
      "targetWord": "tynd",
      "englishWord": "thin"
    },
    {
      "rank": 826,
      "targetWord": "trekant",
      "englishWord": "triangle"
    },
    {
      "rank": 827,
      "targetWord": "verden",
      "englishWord": "planet"
    },
    {
      "rank": 828,
      "targetWord": "skynde",
      "englishWord": "hurry"
    },
    {
      "rank": 829,
      "targetWord": "chef",
      "englishWord": "chief"
    },
    {
      "rank": 830,
      "targetWord": "koloni",
      "englishWord": "colony"
    },
    {
      "rank": 831,
      "targetWord": "ur",
      "englishWord": "clock"
    },
    {
      "rank": 832,
      "targetWord": "minen",
      "englishWord": "mine"
    },
    {
      "rank": 833,
      "targetWord": "slips",
      "englishWord": "tie"
    },
    {
      "rank": 834,
      "targetWord": "indtaste",
      "englishWord": "enter"
    },
    {
      "rank": 835,
      "targetWord": "større",
      "englishWord": "major"
    },
    {
      "rank": 836,
      "targetWord": "frisk",
      "englishWord": "fresh"
    },
    {
      "rank": 837,
      "targetWord": "Søg",
      "englishWord": "search"
    },
    {
      "rank": 838,
      "targetWord": "sende",
      "englishWord": "send"
    },
    {
      "rank": 839,
      "targetWord": "gul",
      "englishWord": "yellow"
    },
    {
      "rank": 840,
      "targetWord": "pistol",
      "englishWord": "gun"
    },
    {
      "rank": 841,
      "targetWord": "tillade",
      "englishWord": "allow"
    },
    {
      "rank": 842,
      "targetWord": "udskriv",
      "englishWord": "print"
    },
    {
      "rank": 843,
      "targetWord": "død",
      "englishWord": "dead"
    },
    {
      "rank": 844,
      "targetWord": "plet",
      "englishWord": "spot"
    },
    {
      "rank": 845,
      "targetWord": "ørken",
      "englishWord": "desert"
    },
    {
      "rank": 846,
      "targetWord": "kulør",
      "englishWord": "suit"
    },
    {
      "rank": 847,
      "targetWord": "strøm",
      "englishWord": "current"
    },
    {
      "rank": 848,
      "targetWord": "elevator",
      "englishWord": "lift"
    },
    {
      "rank": 840,
      "targetWord": "steget",
      "englishWord": "rose"
    },
    {
      "rank": 850,
      "targetWord": "ankommer",
      "englishWord": "arrive"
    },
    {
      "rank": 851,
      "targetWord": "mester",
      "englishWord": "master"
    },
    {
      "rank": 852,
      "targetWord": "spor",
      "englishWord": "track"
    },
    {
      "rank": 853,
      "targetWord": "forælder",
      "englishWord": "parent"
    },
    {
      "rank": 854,
      "targetWord": "kysten",
      "englishWord": "shore"
    },
    {
      "rank": 855,
      "targetWord": "opdeling",
      "englishWord": "division"
    },
    {
      "rank": 856,
      "targetWord": "ark",
      "englishWord": "sheet"
    },
    {
      "rank": 857,
      "targetWord": "stof",
      "englishWord": "substance"
    },
    {
      "rank": 858,
      "targetWord": "begunstige",
      "englishWord": "favor"
    },
    {
      "rank": 859,
      "targetWord": "forbinde",
      "englishWord": "connect"
    },
    {
      "rank": 860,
      "targetWord": "indlæg",
      "englishWord": "post"
    },
    {
      "rank": 861,
      "targetWord": "tilbringe",
      "englishWord": "spend"
    },
    {
      "rank": 862,
      "targetWord": "akkord",
      "englishWord": "chord"
    },
    {
      "rank": 863,
      "targetWord": "fedt",
      "englishWord": "fat"
    },
    {
      "rank": 864,
      "targetWord": "glad",
      "englishWord": "glad"
    },
    {
      "rank": 865,
      "targetWord": "originale",
      "englishWord": "original"
    },
    {
      "rank": 866,
      "targetWord": "aktie",
      "englishWord": "share"
    },
    {
      "rank": 867,
      "targetWord": "stationen",
      "englishWord": "station"
    },
    {
      "rank": 868,
      "targetWord": "far",
      "englishWord": "dad"
    },
    {
      "rank": 869,
      "targetWord": "brød",
      "englishWord": "bread"
    },
    {
      "rank": 870,
      "targetWord": "oplade",
      "englishWord": "charge"
    },
    {
      "rank": 871,
      "targetWord": "korrekt",
      "englishWord": "proper"
    },
    {
      "rank": 872,
      "targetWord": "bar",
      "englishWord": "bar"
    },
    {
      "rank": 873,
      "targetWord": "tilbud",
      "englishWord": "offer"
    },
    {
      "rank": 874,
      "targetWord": "segmentet",
      "englishWord": "segment"
    },
    {
      "rank": 875,
      "targetWord": "slave",
      "englishWord": "slave"
    },
    {
      "rank": 876,
      "targetWord": "ænder",
      "englishWord": "duck"
    },
    {
      "rank": 877,
      "targetWord": "øjeblikkelig",
      "englishWord": "instant"
    },
    {
      "rank": 878,
      "targetWord": "marked",
      "englishWord": "market"
    },
    {
      "rank": 879,
      "targetWord": "grad",
      "englishWord": "degree"
    },
    {
      "rank": 880,
      "targetWord": "befolke",
      "englishWord": "populate"
    },
    {
      "rank": 881,
      "targetWord": "chick",
      "englishWord": "chick"
    },
    {
      "rank": 882,
      "targetWord": "kære",
      "englishWord": "dear"
    },
    {
      "rank": 883,
      "targetWord": "fjende",
      "englishWord": "enemy"
    },
    {
      "rank": 884,
      "targetWord": "svar",
      "englishWord": "reply"
    },
    {
      "rank": 885,
      "targetWord": "drikke",
      "englishWord": "drink"
    },
    {
      "rank": 886,
      "targetWord": "forekomme",
      "englishWord": "occur"
    },
    {
      "rank": 887,
      "targetWord": "støtte",
      "englishWord": "support"
    },
    {
      "rank": 888,
      "targetWord": "tale",
      "englishWord": "speech"
    },
    {
      "rank": 889,
      "targetWord": "natur",
      "englishWord": "nature"
    },
    {
      "rank": 890,
      "targetWord": "rækkevidde",
      "englishWord": "range"
    },
    {
      "rank": 891,
      "targetWord": "damp",
      "englishWord": "steam"
    },
    {
      "rank": 892,
      "targetWord": "bevægelse",
      "englishWord": "motion"
    },
    {
      "rank": 893,
      "targetWord": "sti",
      "englishWord": "path"
    },
    {
      "rank": 894,
      "targetWord": "væske",
      "englishWord": "liquid"
    },
    {
      "rank": 895,
      "targetWord": "log",
      "englishWord": "log"
    },
    {
      "rank": 896,
      "targetWord": "betød",
      "englishWord": "meant"
    },
    {
      "rank": 897,
      "targetWord": "kvotient",
      "englishWord": "quotient"
    },
    {
      "rank": 898,
      "targetWord": "tænder",
      "englishWord": "teeth"
    },
    {
      "rank": 899,
      "targetWord": "skallen",
      "englishWord": "shell"
    },
    {
      "rank": 900,
      "targetWord": "hals",
      "englishWord": "neck"
    },
    {
      "rank": 901,
      "targetWord": "ilt",
      "englishWord": "oxygen"
    },
    {
      "rank": 902,
      "targetWord": "sukker",
      "englishWord": "sugar"
    },
    {
      "rank": 903,
      "targetWord": "død",
      "englishWord": "death"
    },
    {
      "rank": 904,
      "targetWord": "temmelig",
      "englishWord": "pretty"
    },
    {
      "rank": 905,
      "targetWord": "færdighed",
      "englishWord": "skill"
    },
    {
      "rank": 906,
      "targetWord": "kvinder",
      "englishWord": "women"
    },
    {
      "rank": 907,
      "targetWord": "årstid",
      "englishWord": "season"
    },
    {
      "rank": 908,
      "targetWord": "opløsning",
      "englishWord": "solution"
    },
    {
      "rank": 909,
      "targetWord": "magneten",
      "englishWord": "magnet"
    },
    {
      "rank": 910,
      "targetWord": "sølv",
      "englishWord": "silver"
    },
    {
      "rank": 911,
      "targetWord": "tak",
      "englishWord": "thank"
    },
    {
      "rank": 912,
      "targetWord": "gren",
      "englishWord": "branch"
    },
    {
      "rank": 913,
      "targetWord": "kamp",
      "englishWord": "match"
    },
    {
      "rank": 914,
      "targetWord": "endelse",
      "englishWord": "suffix"
    },
    {
      "rank": 915,
      "targetWord": "især",
      "englishWord": "especially"
    },
    {
      "rank": 916,
      "targetWord": "figen",
      "englishWord": "fig"
    },
    {
      "rank": 917,
      "targetWord": "bange",
      "englishWord": "afraid"
    },
    {
      "rank": 918,
      "targetWord": "enorm",
      "englishWord": "huge"
    },
    {
      "rank": 919,
      "targetWord": "søster",
      "englishWord": "sister"
    },
    {
      "rank": 920,
      "targetWord": "stål",
      "englishWord": "steel"
    },
    {
      "rank": 921,
      "targetWord": "diskutere",
      "englishWord": "discuss"
    },
    {
      "rank": 922,
      "targetWord": "fremad",
      "englishWord": "forward"
    },
    {
      "rank": 923,
      "targetWord": "lignende",
      "englishWord": "similar"
    },
    {
      "rank": 924,
      "targetWord": "guide",
      "englishWord": "guide"
    },
    {
      "rank": 925,
      "targetWord": "erfaring",
      "englishWord": "experience"
    },
    {
      "rank": 926,
      "targetWord": "Baseret",
      "englishWord": "score"
    },
    {
      "rank": 927,
      "targetWord": "æble",
      "englishWord": "apple"
    },
    {
      "rank": 928,
      "targetWord": "købte",
      "englishWord": "bought"
    },
    {
      "rank": 929,
      "targetWord": "ledede",
      "englishWord": "led"
    },
    {
      "rank": 930,
      "targetWord": "tonehøjde",
      "englishWord": "pitch"
    },
    {
      "rank": 931,
      "targetWord": "frakke",
      "englishWord": "coat"
    },
    {
      "rank": 932,
      "targetWord": "masse",
      "englishWord": "mass"
    },
    {
      "rank": 933,
      "targetWord": "kort",
      "englishWord": "card"
    },
    {
      "rank": 934,
      "targetWord": "bånd",
      "englishWord": "band"
    },
    {
      "rank": 935,
      "targetWord": "reb",
      "englishWord": "rope"
    },
    {
      "rank": 936,
      "targetWord": "slip",
      "englishWord": "slip"
    },
    {
      "rank": 937,
      "targetWord": "sejr",
      "englishWord": "win"
    },
    {
      "rank": 938,
      "targetWord": "drømme",
      "englishWord": "dream"
    },
    {
      "rank": 939,
      "targetWord": "aften",
      "englishWord": "evening"
    },
    {
      "rank": 940,
      "targetWord": "betingelse",
      "englishWord": "condition"
    },
    {
      "rank": 941,
      "targetWord": "foder",
      "englishWord": "feed"
    },
    {
      "rank": 942,
      "targetWord": "værktøj",
      "englishWord": "tool"
    },
    {
      "rank": 943,
      "targetWord": "samlede",
      "englishWord": "total"
    },
    {
      "rank": 944,
      "targetWord": "grundlæggende",
      "englishWord": "basic"
    },
    {
      "rank": 945,
      "targetWord": "lugt",
      "englishWord": "smell"
    },
    {
      "rank": 946,
      "targetWord": "dal",
      "englishWord": "valley"
    },
    {
      "rank": 947,
      "targetWord": "heller ikke",
      "englishWord": "nor"
    },
    {
      "rank": 948,
      "targetWord": "dobbelt",
      "englishWord": "double"
    },
    {
      "rank": 949,
      "targetWord": "sæde",
      "englishWord": "seat"
    },
    {
      "rank": 950,
      "targetWord": "fortsætte",
      "englishWord": "continue"
    },
    {
      "rank": 951,
      "targetWord": "blok",
      "englishWord": "block"
    },
    {
      "rank": 952,
      "targetWord": "diagram",
      "englishWord": "chart"
    },
    {
      "rank": 953,
      "targetWord": "hat",
      "englishWord": "hat"
    },
    {
      "rank": 954,
      "targetWord": "sælge",
      "englishWord": "sell"
    },
    {
      "rank": 955,
      "targetWord": "succes",
      "englishWord": "success"
    },
    {
      "rank": 956,
      "targetWord": "selskab",
      "englishWord": "company"
    },
    {
      "rank": 957,
      "targetWord": "fratrække",
      "englishWord": "subtract"
    },
    {
      "rank": 958,
      "targetWord": "begivenhed",
      "englishWord": "event"
    },
    {
      "rank": 959,
      "targetWord": "særlig",
      "englishWord": "particular"
    },
    {
      "rank": 960,
      "targetWord": "aftale",
      "englishWord": "deal"
    },
    {
      "rank": 961,
      "targetWord": "svømme",
      "englishWord": "swim"
    },
    {
      "rank": 962,
      "targetWord": "sigt",
      "englishWord": "term"
    },
    {
      "rank": 963,
      "targetWord": "modsat",
      "englishWord": "opposite"
    },
    {
      "rank": 964,
      "targetWord": "kone",
      "englishWord": "wife"
    },
    {
      "rank": 965,
      "targetWord": "sko",
      "englishWord": "shoe"
    },
    {
      "rank": 966,
      "targetWord": "skulder",
      "englishWord": "shoulder"
    },
    {
      "rank": 967,
      "targetWord": "spredning",
      "englishWord": "spread"
    },
    {
      "rank": 968,
      "targetWord": "arrangere",
      "englishWord": "arrange"
    },
    {
      "rank": 969,
      "targetWord": "lejr",
      "englishWord": "camp"
    },
    {
      "rank": 970,
      "targetWord": "opfinde",
      "englishWord": "invent"
    },
    {
      "rank": 971,
      "targetWord": "bomuld",
      "englishWord": "cotton"
    },
    {
      "rank": 972,
      "targetWord": "Født",
      "englishWord": "born"
    },
    {
      "rank": 973,
      "targetWord": "bestemme",
      "englishWord": "determine"
    },
    {
      "rank": 974,
      "targetWord": "kvart",
      "englishWord": "quart"
    },
    {
      "rank": 975,
      "targetWord": "ni",
      "englishWord": "nine"
    },
    {
      "rank": 976,
      "targetWord": "lastbil",
      "englishWord": "truck"
    },
    {
      "rank": 977,
      "targetWord": "støj",
      "englishWord": "noise"
    },
    {
      "rank": 978,
      "targetWord": "niveau",
      "englishWord": "level"
    },
    {
      "rank": 979,
      "targetWord": "mulighed",
      "englishWord": "chance"
    },
    {
      "rank": 980,
      "targetWord": "samle",
      "englishWord": "gather"
    },
    {
      "rank": 981,
      "targetWord": "butik",
      "englishWord": "shop"
    },
    {
      "rank": 982,
      "targetWord": "strækning",
      "englishWord": "stretch"
    },
    {
      "rank": 983,
      "targetWord": "smide",
      "englishWord": "throw"
    },
    {
      "rank": 984,
      "targetWord": "skinne",
      "englishWord": "shine"
    },
    {
      "rank": 985,
      "targetWord": "ejendom",
      "englishWord": "property"
    },
    {
      "rank": 986,
      "targetWord": "kolonne",
      "englishWord": "column"
    },
    {
      "rank": 987,
      "targetWord": "molekyle",
      "englishWord": "molecule"
    },
    {
      "rank": 988,
      "targetWord": "Vælg",
      "englishWord": "select"
    },
    {
      "rank": 989,
      "targetWord": "forkert",
      "englishWord": "wrong"
    },
    {
      "rank": 990,
      "targetWord": "grå",
      "englishWord": "gray"
    },
    {
      "rank": 991,
      "targetWord": "gentagelse",
      "englishWord": "repeat"
    },
    {
      "rank": 992,
      "targetWord": "kræver",
      "englishWord": "require"
    },
    {
      "rank": 993,
      "targetWord": "bred",
      "englishWord": "broad"
    },
    {
      "rank": 994,
      "targetWord": "forberede",
      "englishWord": "prepare"
    },
    {
      "rank": 995,
      "targetWord": "salt",
      "englishWord": "salt"
    },
    {
      "rank": 996,
      "targetWord": "næse",
      "englishWord": "nose"
    },
    {
      "rank": 997,
      "targetWord": "flertal",
      "englishWord": "plural"
    },
    {
      "rank": 998,
      "targetWord": "vrede",
      "englishWord": "anger"
    },
    {
      "rank": 999,
      "targetWord": "fordring",
      "englishWord": "claim"
    },
    {
      "rank": 1000,
      "targetWord": "kontinent",
      "englishWord": "continent"
    }
  ]
}